Workbook

Sheet Параметры
A1: Параметры (жёлтые ячейки можно менять — все расчёты пересчитаются)
A3: Команд в I туре | B3: 20 | C3: Со слов организатора: 20 команд по 3 участника
A4: Команд во II туре | B4: 10 | C4: Со слов организатора: во II тур проходят 10 команд
A5: Команд в III туре | B5: 3 | C5: Со слов организатора: в III тур проходят 3 команды
A6: Запас расходного материала | B6: 0.1 | C6: Допущение: 10% на брак и ошибки
A9: Обозначения:
A10: Синий шрифт на жёлтом фоне — вводимые значения (можно менять)
A11: Чёрный шрифт — формулы (не трогать)
A12: Источник конкурсов, ответственных, инструментов и шовного материала: «Программа олимпиады по хирургии 2026»
A13: Количество там, где регламент его не указывает, — допущение (помечено в столбце «Примечание»)

Sheet Конкурсы
A1: Внутривузовская студенческая олимпиада по хирургии им. проф. А.П. Кошеля — конкурсы, ответственные, расходный материал, волонтёры
A3: № | B3: Тур | C3: Конкурс | D3: Ответственные за конкурс | E3: Команд | F3: Время выполнения | G3: Биоматериал / препарат | H3: Шовный материал (на 1 команду) | I3: Прочий расходный материал (на 1 команду) | J3: Макеты и оснащение | K3: Инструменты (на 1 рабочее место, многоразовые) | L3: Количество волонтёров | M3: Задачи волонтёров
A4: I тур — 6 ноября 2026
A5: 1 | B5: 1 тур | C5: Абдоминальная хирургия | D5: Сулеймен Жусип Барашкова Анастасия | E5: =Параметры!$B$3 -> 20 | F5: 60 мин (стоп-время 80 мин) | G5: • Органокомплекс свиной (желудок + тонкая кишка 20 см) — 1 шт | H5: • ПГА/викрил USP 4/0, атравм. колющая игла — 2 шт • ПГА/викрил USP 3/0, атравм. колющая игла — 2 шт • ПГА/викрил USP 2/0, атравм. колющая игла — 1 шт | I5: • Лезвие для скальпеля №23/24 — 1 шт • Перчатки смотровые нестерильные — 3 пара | J5: • Пенополистирол (основа для фиксации препарата) — 1 шт • Бокс глубиной 10–15 см — 1 шт | K5: Иглодержатель — 1 пинцет анатомический — 2 ножницы Купера/Метценбаума — 1 кишечный жом эластичный — 4 ручка для скальпеля — 1 зажим «москит»/Бильрот — 2 | L5: 4 | M5: Раздача препаратов, хронометраж по каждой команде, уборка столов
A6: 2 | B6: 1 тур | C6: Сосудистый шов | D6: Попов Никита Вавилов Данила | E6: =Параметры!$B$3 -> 20 | F6: 80 мин (стоп-время 100 мин) | G6: • Аорта свиная — 1 шт • Кондуит из большой подкожной вены — 1 шт | H6: • Prolene/монофил USP 4/0, две атравм. иглы — 2 шт • Prolene/монофил USP 6/0, две атравм. иглы — 1 шт | I6: • Протез кровеносного сосуда INTERGARD 18 мм — 1 шт • Лезвие для скальпеля остроконечное №11 — 1 шт • Перчатки смотровые нестерильные — 3 пара | J6: • Муляж сердца — 1 шт • Контейнер — имитация грудной полости — 1 шт | K6: Зажим Сатинского — 1 зажим «бульдог» — 1 пинцет сосудистый — 2 иглодержатель сосудистый — 1 ножницы сосудистые — 1 скальпель остроконечный — 1 зажим Холстеда «москит» с сегментами микроирригатора | L6: 4 | M6: Подготовка контейнеров и муляжей сердца, хронометраж, уборка
A7: 3 | B7: 1 тур | C7: Торакальная хирургия | D7: Ахмедова Малика | E7: =Параметры!$B$3 -> 20 | F7: 60 мин (стоп-время 75 мин) | G7: • Трахея (свиная) — 1 шт | H7: • Викрил/PDS USP 2/0–3/0, атравм. игла — 3 шт | I7: • Лезвие для скальпеля — 1 шт • Перчатки смотровые нестерильные — 3 пара | J7: • Макет: пластиковая бутылка с окном 5–7 см, выстланная поролоном — 1 шт • Подставка из пеноплекса — 1 шт | K7: Скальпель — 1 иглодержатель — 1 пинцет анатомический — 2 зажим Бильрот — 2 зажим «москит» — 4 | L7: 3 | M7: Установка макетов, разметка участка стеноза, хронометраж
A8: 4 | B8: 1 тур | C8: Наложение сухожильного шва | D8: Гунзынов Дамдин Бегадилла Бекарыс | E8: =Параметры!$B$3 -> 20 | F8: 50 мин | G8: • Сухожилие бычье — 1 шт | H8: • Лавсан/капрон/этибонд USP 1 — 2 шт • Монофил USP 4/0 — 1 шт | I8: • Игла травматическая — 1 шт • Лезвие для скальпеля брюшистое — 1 шт • Перчатки смотровые нестерильные — 3 пара | J8: — | K8: Зажим «москит» — 2 скальпель брюшистый — 1 иглодержатель — 1 пинцет анатомический — 1 пинцет хирургический — 1 | L8: 3 | M8: Раздача сухожилий, хронометраж, уборка
A9: 5 | B9: 1 тур | C9: Реконструктивно-пластическая хирургия. Первый этап | D9: Грибанова Белла Имтоссими Георгий | E9: =Параметры!$B$3 -> 20 | F9: 30 мин | G9: • Курица (кожный лоскут спинки тушки) — 1 шт | H9: • Prolene/монофил USP 4/0, атравм. колющая игла — 1 шт • Prolene/монофил USP 5/0, атравм. колющая игла — 1 шт | I9: • Лезвие для скальпеля — 1 шт • Маркер хирургический — 1 шт • Сантиметровая лента — 1 шт • Перчатки смотровые нестерильные — 3 пара | J9: — | K9: Иглодержатель — 1 пинцет анатомический — 4 ножницы — 1 скальпель — 1 | L9: 3 | M9: Жеребьёвка лоскутов, хронометраж, помощь жюри с замерами соска
A10: 6 | B10: 1 тур | C10: Вязание хирургических узлов | D10: Бабина Кристина | E10: =Параметры!$B$3 -> 20 | F10: 30 сек на участника | G10: — | H10: • Капрон USP 1, нить 60 см — 3 шт | I10: • Перчатки смотровые нестерильные — 3 пара • Зубочистки (проверка плотности узла) — 3 шт | J10: — | K10: Не требуются | L10: 4 | M10: «Палец» для завязывания (держит нить), хронометраж 30 сек, проверка плотности зубочисткой, замер «косички»
A11: II тур — 7 ноября 2026
A12: 7 | B12: 2 тур | C12: Травматология | D12: Ибрагимов Фазли Гунзынов Дамдин | E12: =Параметры!$B$4 -> 10 | F12: 15 мин + 5 мин на рентгенограммы | G12: — | H12: — | I12: • Гипсовый бинт 15 см — 2 шт • Бинт марлевый нестерильный — 2 шт • Салфетки марлевые — 1 уп • Ватные прокладки — 1 уп • Шприц — 1 шт • Перчатки смотровые нестерильные — 3 пара | J12: — | K12: Ножницы ёмкость для воды | L12: 3 | M12: Подготовка воды и гипса, хронометраж, уборка гипса
A13: 8 | B13: 2 тур | C13: Оперативная урология | D13: Бакушина Софья Абаимов Иван | E13: =Параметры!$B$4 -> 10 | F13: 60 мин (+ бонус за время) | G13: • Мочевой пузырь с уретрой и мочеточником — 1 шт • Куриное бедро (имитация m. psoas) — 1 шт | H13: • ПГА USP 5/0, одна атравм. колющая игла — 1 шт • ПГА USP 4/0, одна атравм. колющая игла — 2 шт • ПГА USP 3/0, одна атравм. колющая игла — 2 шт • Prolene/монофил USP 4/0, атравм. колющая игла — 1 шт | I13: • Мочеточниковый катетер — 1 шт • Лезвие для скальпеля — 1 шт • Перчатки смотровые нестерильные — 3 пара | J13: — | K13: Скальпель — 1 иглодержатель общехирургический — 1 пинцет анатомический — 2 ножницы — 1 зажим Холстеда «москит» прямой — 1 | L13: 3 | M13: Хронометраж и фиксация места по времени (для бонуса), проверка герметичности
A14: 9 | B14: 2 тур | C14: Реконструктивно-пластическая хирургия. Второй этап | D14: Грибанова Белла Имтоссими Георгий | E14: =Параметры!$B$4 -> 10 | F14: 80 мин | G14: • Куриная грудка с хрящевой частью грудины — 1 шт | H14: • Prolene/монофил USP 4/0, атравм. колющая игла — 1 шт • Prolene/монофил USP 5/0, атравм. колющая игла — 1 шт | I14: • Марля (накрыть препарат) — 1 м • Лезвие для скальпеля — 1 шт • Маркер хирургический — 1 шт • Сантиметровая лента — 1 шт • Перчатки смотровые нестерильные — 3 пара | J14: — | K14: Иглодержатель — 1 пинцет анатомический — 4 ножницы — 1 скальпель — 1 | L14: 3 | M14: Раздача препаратов под влажной марлей, хронометраж, уборка
A15: 10 | B15: 2 тур | C15: Оперативная гинекология | D15: Устюжанина Ольга Корнеева Алина | E15: =Параметры!$B$4 -> 10 | F15: 45 мин (после 50 мин — 0 за время) | G15: • Кишка свиная толстая/прямая, отрезок 10–15 см — 2 шт • Курица (тушка для фиксации комплекса) — 1 шт | H15: • Vicryl/ПГА USP 3/0 — 2 шт • Vicryl/ПГА USP 2/0 — 1 шт | I15: • Лезвие для скальпеля №10 — 1 шт • Перчатки смотровые нестерильные — 3 пара | J15: — | K15: Зеркало Куско — 1 крючки Фарабефа — 2 пуговчатый зонд — 1 скальпель №10 — 1 ножницы Купера — 1 пинцет анатомический — 2 зажим «москит» — 1 иглодержатель Гегара — 1 | L15: 3 | M15: Подготовка комплексов в тушках, хронометраж, уборка
A16: III тур — 8 ноября 2026
A17: 11 | B17: 3 тур | C17: Сегментарная резекция толстой кишки с анастомозом конец в конец на экспериментальном животном | D17: Сулеймен Жусип Барашкова Анастасия | E17: =Параметры!$B$5 -> 3 | F17: 90 мин | G17: • Кролик (экспериментальное животное) — 1 шт | H17: • ПГА USP 3/0–4/0, атравм. игла, 45 см — 5 шт • Лавсан USP 2/0–0, атравм. игла, 45 см — 5 шт | I17: • Новокаин (блокада брыжейки) — 2 амп • Хлоргексидин / антисептик — 1 фл • Шприц — 2 шт • Халат операционный стерильный — 3 шт • Перчатки хирургические стерильные — 3 пара • Перчатки смотровые нестерильные — 4 пара • Шапочка медицинская — 4 шт • Маска медицинская — 4 шт • Простыня стерильная клеящаяся — 1 шт • Операционное бельё (простыни для стола) — 1 компл • Бинт марлевый (вязки для фиксации) — 4 шт • Мешок для отходов класса Б — 1 шт • Лезвие для скальпеля — 1 шт | J17: • Планка ДСП с отверстиями — 1 шт | K17: Бельевые цапки — 4 корнцанг — 1 иглодержатель — 1 пинцеты анатомический и хирургический — 2 ножницы Купера/Метценбаума — 2 кишечный жом Кохера — 2 Г-образный зажим — 1 скальпель — 1 зажим Бильрота — 2 зажим Кохера — 2 зажим «москит» — 2 крючки Фарабефа — 1 зажим Микулича — 4 машинка для стрижки | L17: 5 | M17: По регламенту 1 санитар на бригаду от организаторов (3) + 2 на хронометраж и утилизацию отходов
K18: Итого волонтёров на все конкурсы: | L18: =L5+L6+L7+L8+L9+L10+L12+L13+L14+L15+L17 -> 38
K19: в т.ч. в 1 тур (6 ноября 2026): | L19: =L5+L6+L7+L8+L9+L10 -> 21
K20: в т.ч. в 2 тур (7 ноября 2026): | L20: =L12+L13+L14+L15 -> 12
K21: в т.ч. в 3 тур (8 ноября 2026): | L21: =L17 -> 5
A23: Количество волонтёров — предложение, не из регламента: поменяйте жёлтые ячейки, итог пересчитается. Количество на закупку — на листе «Расходный материал».

Sheet Расходный материал
A1: Расходный материал по конкурсам: на 1 команду × число команд в туре + запас
A3: Тур | B3: № | C3: Конкурс | D3: Наименование | E3: Категория | F3: Ед. | G3: На 1 команду | H3: Команд | I3: Итого с запасом | J3: Примечание
A4: 1 | B4: 1 | C4: Абдоминальная хирургия | D4: Органокомплекс свиной (желудок + тонкая кишка 20 см) | E4: Биоматериал | F4: шт | G4: 1 | H4: =Параметры!$B$3 -> 20 | I4: =ROUNDUP(G4*H4*(1+Параметры!$B$6),0) -> 22
A5: 1 | B5: 1 | C5: Абдоминальная хирургия | D5: Пенополистирол (основа для фиксации препарата) | E5: Макет/оснащение | F5: шт | G5: 1 | H5: =Параметры!$B$3 -> 20 | I5: =ROUNDUP(G5*H5*(1+Параметры!$B$6),0) -> 22
A6: 1 | B6: 1 | C6: Абдоминальная хирургия | D6: Бокс глубиной 10–15 см | E6: Макет/оснащение | F6: шт | G6: 1 | H6: =Параметры!$B$3 -> 20 | I6: =ROUNDUP(G6*H6*(1+Параметры!$B$6),0) -> 22 | J6: многоразовый
A7: 1 | B7: 1 | C7: Абдоминальная хирургия | D7: ПГА/викрил USP 4/0, атравм. колющая игла | E7: Шовный материал | F7: шт | G7: 2 | H7: =Параметры!$B$3 -> 20 | I7: =ROUNDUP(G7*H7*(1+Параметры!$B$6),0) -> 44 | J7: допущение: в регламенте количество не указано
A8: 1 | B8: 1 | C8: Абдоминальная хирургия | D8: ПГА/викрил USP 3/0, атравм. колющая игла | E8: Шовный материал | F8: шт | G8: 2 | H8: =Параметры!$B$3 -> 20 | I8: =ROUNDUP(G8*H8*(1+Параметры!$B$6),0) -> 44 | J8: допущение: в регламенте количество не указано
A9: 1 | B9: 1 | C9: Абдоминальная хирургия | D9: ПГА/викрил USP 2/0, атравм. колющая игла | E9: Шовный материал | F9: шт | G9: 1 | H9: =Параметры!$B$3 -> 20 | I9: =ROUNDUP(G9*H9*(1+Параметры!$B$6),0) -> 22 | J9: допущение: в регламенте количество не указано
A10: 1 | B10: 1 | C10: Абдоминальная хирургия | D10: Лезвие для скальпеля №23/24 | E10: Расходник | F10: шт | G10: 1 | H10: =Параметры!$B$3 -> 20 | I10: =ROUNDUP(G10*H10*(1+Параметры!$B$6),0) -> 22
A11: 1 | B11: 1 | C11: Абдоминальная хирургия | D11: Перчатки смотровые нестерильные | E11: Расходник | F11: пара | G11: 3 | H11: =Параметры!$B$3 -> 20 | I11: =ROUNDUP(G11*H11*(1+Параметры!$B$6),0) -> 66 | J11: по 1 паре на участника
A12: 1 | B12: 2 | C12: Сосудистый шов | D12: Аорта свиная | E12: Биоматериал | F12: шт | G12: 1 | H12: =Параметры!$B$3 -> 20 | I12: =ROUNDUP(G12*H12*(1+Параметры!$B$6),0) -> 22
A13: 1 | B13: 2 | C13: Сосудистый шов | D13: Кондуит из большой подкожной вены | E13: Биоматериал | F13: шт | G13: 1 | H13: =Параметры!$B$3 -> 20 | I13: =ROUNDUP(G13*H13*(1+Параметры!$B$6),0) -> 22
A14: 1 | B14: 2 | C14: Сосудистый шов | D14: Протез кровеносного сосуда INTERGARD 18 мм | E14: Расходник | F14: шт | G14: 1 | H14: =Параметры!$B$3 -> 20 | I14: =ROUNDUP(G14*H14*(1+Параметры!$B$6),0) -> 22
A15: 1 | B15: 2 | C15: Сосудистый шов | D15: Муляж сердца | E15: Макет/оснащение | F15: шт | G15: 1 | H15: =Параметры!$B$3 -> 20 | I15: =ROUNDUP(G15*H15*(1+Параметры!$B$6),0) -> 22 | J15: многоразовый
A16: 1 | B16: 2 | C16: Сосудистый шов | D16: Контейнер — имитация грудной полости | E16: Макет/оснащение | F16: шт | G16: 1 | H16: =Параметры!$B$3 -> 20 | I16: =ROUNDUP(G16*H16*(1+Параметры!$B$6),0) -> 22 | J16: многоразовый
A17: 1 | B17: 2 | C17: Сосудистый шов | D17: Prolene/монофил USP 4/0, две атравм. иглы | E17: Шовный материал | F17: шт | G17: 2 | H17: =Параметры!$B$3 -> 20 | I17: =ROUNDUP(G17*H17*(1+Параметры!$B$6),0) -> 44
A18: 1 | B18: 2 | C18: Сосудистый шов | D18: Prolene/монофил USP 6/0, две атравм. иглы | E18: Шовный материал | F18: шт | G18: 1 | H18: =Параметры!$B$3 -> 20 | I18: =ROUNDUP(G18*H18*(1+Параметры!$B$6),0) -> 22
A19: 1 | B19: 2 | C19: Сосудистый шов | D19: Лезвие для скальпеля остроконечное №11 | E19: Расходник | F19: шт | G19: 1 | H19: =Параметры!$B$3 -> 20 | I19: =ROUNDUP(G19*H19*(1+Параметры!$B$6),0) -> 22
A20: 1 | B20: 2 | C20: Сосудистый шов | D20: Перчатки смотровые нестерильные | E20: Расходник | F20: пара | G20: 3 | H20: =Параметры!$B$3 -> 20 | I20: =ROUNDUP(G20*H20*(1+Параметры!$B$6),0) -> 66 | J20: по 1 паре на участника
A21: 1 | B21: 3 | C21: Торакальная хирургия | D21: Трахея (свиная) | E21: Биоматериал | F21: шт | G21: 1 | H21: =Параметры!$B$3 -> 20 | I21: =ROUNDUP(G21*H21*(1+Параметры!$B$6),0) -> 22
A22: 1 | B22: 3 | C22: Торакальная хирургия | D22: Макет: пластиковая бутылка с окном 5–7 см, выстланная поролоном | E22: Макет/оснащение | F22: шт | G22: 1 | H22: =Параметры!$B$3 -> 20 | I22: =ROUNDUP(G22*H22*(1+Параметры!$B$6),0) -> 22
A23: 1 | B23: 3 | C23: Торакальная хирургия | D23: Подставка из пеноплекса | E23: Макет/оснащение | F23: шт | G23: 1 | H23: =Параметры!$B$3 -> 20 | I23: =ROUNDUP(G23*H23*(1+Параметры!$B$6),0) -> 22
A24: 1 | B24: 3 | C24: Торакальная хирургия | D24: Викрил/PDS USP 2/0–3/0, атравм. игла | E24: Шовный материал | F24: шт | G24: 3 | H24: =Параметры!$B$3 -> 20 | I24: =ROUNDUP(G24*H24*(1+Параметры!$B$6),0) -> 66
A25: 1 | B25: 3 | C25: Торакальная хирургия | D25: Лезвие для скальпеля | E25: Расходник | F25: шт | G25: 1 | H25: =Параметры!$B$3 -> 20 | I25: =ROUNDUP(G25*H25*(1+Параметры!$B$6),0) -> 22
A26: 1 | B26: 3 | C26: Торакальная хирургия | D26: Перчатки смотровые нестерильные | E26: Расходник | F26: пара | G26: 3 | H26: =Параметры!$B$3 -> 20 | I26: =ROUNDUP(G26*H26*(1+Параметры!$B$6),0) -> 66 | J26: по 1 паре на участника
A27: 1 | B27: 4 | C27: Наложение сухожильного шва | D27: Сухожилие бычье | E27: Биоматериал | F27: шт | G27: 1 | H27: =Параметры!$B$3 -> 20 | I27: =ROUNDUP(G27*H27*(1+Параметры!$B$6),0) -> 22
A28: 1 | B28: 4 | C28: Наложение сухожильного шва | D28: Лавсан/капрон/этибонд USP 1 | E28: Шовный материал | F28: шт | G28: 2 | H28: =Параметры!$B$3 -> 20 | I28: =ROUNDUP(G28*H28*(1+Параметры!$B$6),0) -> 44
A29: 1 | B29: 4 | C29: Наложение сухожильного шва | D29: Монофил USP 4/0 | E29: Шовный материал | F29: шт | G29: 1 | H29: =Параметры!$B$3 -> 20 | I29: =ROUNDUP(G29*H29*(1+Параметры!$B$6),0) -> 22
A30: 1 | B30: 4 | C30: Наложение сухожильного шва | D30: Игла травматическая | E30: Расходник | F30: шт | G30: 1 | H30: =Параметры!$B$3 -> 20 | I30: =ROUNDUP(G30*H30*(1+Параметры!$B$6),0) -> 22
A31: 1 | B31: 4 | C31: Наложение сухожильного шва | D31: Лезвие для скальпеля брюшистое | E31: Расходник | F31: шт | G31: 1 | H31: =Параметры!$B$3 -> 20 | I31: =ROUNDUP(G31*H31*(1+Параметры!$B$6),0) -> 22
A32: 1 | B32: 4 | C32: Наложение сухожильного шва | D32: Перчатки смотровые нестерильные | E32: Расходник | F32: пара | G32: 3 | H32: =Параметры!$B$3 -> 20 | I32: =ROUNDUP(G32*H32*(1+Параметры!$B$6),0) -> 66 | J32: по 1 паре на участника
A33: 1 | B33: 5 | C33: Реконструктивно-пластическая хирургия. Первый этап | D33: Курица (кожный лоскут спинки тушки) | E33: Биоматериал | F33: шт | G33: 1 | H33: =Параметры!$B$3 -> 20 | I33: =ROUNDUP(G33*H33*(1+Параметры!$B$6),0) -> 22
A34: 1 | B34: 5 | C34: Реконструктивно-пластическая хирургия. Первый этап | D34: Prolene/монофил USP 4/0, атравм. колющая игла | E34: Шовный материал | F34: шт | G34: 1 | H34: =Параметры!$B$3 -> 20 | I34: =ROUNDUP(G34*H34*(1+Параметры!$B$6),0) -> 22 | J34: допущение: в регламенте количество не указано
A35: 1 | B35: 5 | C35: Реконструктивно-пластическая хирургия. Первый этап | D35: Prolene/монофил USP 5/0, атравм. колющая игла | E35: Шовный материал | F35: шт | G35: 1 | H35: =Параметры!$B$3 -> 20 | I35: =ROUNDUP(G35*H35*(1+Параметры!$B$6),0) -> 22 | J35: допущение: в регламенте количество не указано
A36: 1 | B36: 5 | C36: Реконструктивно-пластическая хирургия. Первый этап | D36: Лезвие для скальпеля | E36: Расходник | F36: шт | G36: 1 | H36: =Параметры!$B$3 -> 20 | I36: =ROUNDUP(G36*H36*(1+Параметры!$B$6),0) -> 22
A37: 1 | B37: 5 | C37: Реконструктивно-пластическая хирургия. Первый этап | D37: Маркер хирургический | E37: Расходник | F37: шт | G37: 1 | H37: =Параметры!$B$3 -> 20 | I37: =ROUNDUP(G37*H37*(1+Параметры!$B$6),0) -> 22
A38: 1 | B38: 5 | C38: Реконструктивно-пластическая хирургия. Первый этап | D38: Сантиметровая лента | E38: Расходник | F38: шт | G38: 1 | H38: =Параметры!$B$3 -> 20 | I38: =ROUNDUP(G38*H38*(1+Параметры!$B$6),0) -> 22
A39: 1 | B39: 5 | C39: Реконструктивно-пластическая хирургия. Первый этап | D39: Перчатки смотровые нестерильные | E39: Расходник | F39: пара | G39: 3 | H39: =Параметры!$B$3 -> 20 | I39: =ROUNDUP(G39*H39*(1+Параметры!$B$6),0) -> 66 | J39: по 1 паре на участника
A40: 1 | B40: 6 | C40: Вязание хирургических узлов | D40: Капрон USP 1, нить 60 см | E40: Шовный материал | F40: шт | G40: 3 | H40: =Параметры!$B$3 -> 20 | I40: =ROUNDUP(G40*H40*(1+Параметры!$B$6),0) -> 66 | J40: по 1 нити на участника
A41: 1 | B41: 6 | C41: Вязание хирургических узлов | D41: Перчатки смотровые нестерильные | E41: Расходник | F41: пара | G41: 3 | H41: =Параметры!$B$3 -> 20 | I41: =ROUNDUP(G41*H41*(1+Параметры!$B$6),0) -> 66 | J41: по 1 паре на участника
A42: 1 | B42: 6 | C42: Вязание хирургических узлов | D42: Зубочистки (проверка плотности узла) | E42: Расходник | F42: шт | G42: 3 | H42: =Параметры!$B$3 -> 20 | I42: =ROUNDUP(G42*H42*(1+Параметры!$B$6),0) -> 66 | J42: допущение: в регламенте количество не указано
A43: 2 | B43: 7 | C43: Травматология | D43: Гипсовый бинт 15 см | E43: Расходник | F43: шт | G43: 2 | H43: =Параметры!$B$4 -> 10 | I43: =ROUNDUP(G43*H43*(1+Параметры!$B$6),0) -> 22
A44: 2 | B44: 7 | C44: Травматология | D44: Бинт марлевый нестерильный | E44: Расходник | F44: шт | G44: 2 | H44: =Параметры!$B$4 -> 10 | I44: =ROUNDUP(G44*H44*(1+Параметры!$B$6),0) -> 22
A45: 2 | B45: 7 | C45: Травматология | D45: Салфетки марлевые | E45: Расходник | F45: уп | G45: 1 | H45: =Параметры!$B$4 -> 10 | I45: =ROUNDUP(G45*H45*(1+Параметры!$B$6),0) -> 11 | J45: допущение: в регламенте количество не указано
A46: 2 | B46: 7 | C46: Травматология | D46: Ватные прокладки | E46: Расходник | F46: уп | G46: 1 | H46: =Параметры!$B$4 -> 10 | I46: =ROUNDUP(G46*H46*(1+Параметры!$B$6),0) -> 11 | J46: допущение: в регламенте количество не указано
A47: 2 | B47: 7 | C47: Травматология | D47: Шприц | E47: Расходник | F47: шт | G47: 1 | H47: =Параметры!$B$4 -> 10 | I47: =ROUNDUP(G47*H47*(1+Параметры!$B$6),0) -> 11
A48: 2 | B48: 7 | C48: Травматология | D48: Перчатки смотровые нестерильные | E48: Расходник | F48: пара | G48: 3 | H48: =Параметры!$B$4 -> 10 | I48: =ROUNDUP(G48*H48*(1+Параметры!$B$6),0) -> 33 | J48: по 1 паре на участника
A49: 2 | B49: 8 | C49: Оперативная урология | D49: Мочевой пузырь с уретрой и мочеточником | E49: Биоматериал | F49: шт | G49: 1 | H49: =Параметры!$B$4 -> 10 | I49: =ROUNDUP(G49*H49*(1+Параметры!$B$6),0) -> 11
A50: 2 | B50: 8 | C50: Оперативная урология | D50: Куриное бедро (имитация m. psoas) | E50: Биоматериал | F50: шт | G50: 1 | H50: =Параметры!$B$4 -> 10 | I50: =ROUNDUP(G50*H50*(1+Параметры!$B$6),0) -> 11
A51: 2 | B51: 8 | C51: Оперативная урология | D51: ПГА USP 5/0, одна атравм. колющая игла | E51: Шовный материал | F51: шт | G51: 1 | H51: =Параметры!$B$4 -> 10 | I51: =ROUNDUP(G51*H51*(1+Параметры!$B$6),0) -> 11
A52: 2 | B52: 8 | C52: Оперативная урология | D52: ПГА USP 4/0, одна атравм. колющая игла | E52: Шовный материал | F52: шт | G52: 2 | H52: =Параметры!$B$4 -> 10 | I52: =ROUNDUP(G52*H52*(1+Параметры!$B$6),0) -> 22
A53: 2 | B53: 8 | C53: Оперативная урология | D53: ПГА USP 3/0, одна атравм. колющая игла | E53: Шовный материал | F53: шт | G53: 2 | H53: =Параметры!$B$4 -> 10 | I53: =ROUNDUP(G53*H53*(1+Параметры!$B$6),0) -> 22
A54: 2 | B54: 8 | C54: Оперативная урология | D54: Prolene/монофил USP 4/0, атравм. колющая игла | E54: Шовный материал | F54: шт | G54: 1 | H54: =Параметры!$B$4 -> 10 | I54: =ROUNDUP(G54*H54*(1+Параметры!$B$6),0) -> 11
A55: 2 | B55: 8 | C55: Оперативная урология | D55: Мочеточниковый катетер | E55: Расходник | F55: шт | G55: 1 | H55: =Параметры!$B$4 -> 10 | I55: =ROUNDUP(G55*H55*(1+Параметры!$B$6),0) -> 11 | J55: нужен по ходу операции
A56: 2 | B56: 8 | C56: Оперативная урология | D56: Лезвие для скальпеля | E56: Расходник | F56: шт | G56: 1 | H56: =Параметры!$B$4 -> 10 | I56: =ROUNDUP(G56*H56*(1+Параметры!$B$6),0) -> 11
A57: 2 | B57: 8 | C57: Оперативная урология | D57: Перчатки смотровые нестерильные | E57: Расходник | F57: пара | G57: 3 | H57: =Параметры!$B$4 -> 10 | I57: =ROUNDUP(G57*H57*(1+Параметры!$B$6),0) -> 33 | J57: по 1 паре на участника
A58: 2 | B58: 9 | C58: Реконструктивно-пластическая хирургия. Второй этап | D58: Куриная грудка с хрящевой частью грудины | E58: Биоматериал | F58: шт | G58: 1 | H58: =Параметры!$B$4 -> 10 | I58: =ROUNDUP(G58*H58*(1+Параметры!$B$6),0) -> 11
A59: 2 | B59: 9 | C59: Реконструктивно-пластическая хирургия. Второй этап | D59: Марля (накрыть препарат) | E59: Расходник | F59: м | G59: 1 | H59: =Параметры!$B$4 -> 10 | I59: =ROUNDUP(G59*H59*(1+Параметры!$B$6),0) -> 11 | J59: допущение: в регламенте количество не указано
A60: 2 | B60: 9 | C60: Реконструктивно-пластическая хирургия. Второй этап | D60: Prolene/монофил USP 4/0, атравм. колющая игла | E60: Шовный материал | F60: шт | G60: 1 | H60: =Параметры!$B$4 -> 10 | I60: =ROUNDUP(G60*H60*(1+Параметры!$B$6),0) -> 11 | J60: допущение: в регламенте количество не указано
A61: 2 | B61: 9 | C61: Реконструктивно-пластическая хирургия. Второй этап | D61: Prolene/монофил USP 5/0, атравм. колющая игла | E61: Шовный материал | F61: шт | G61: 1 | H61: =Параметры!$B$4 -> 10 | I61: =ROUNDUP(G61*H61*(1+Параметры!$B$6),0) -> 11 | J61: допущение: в регламенте количество не указано
A62: 2 | B62: 9 | C62: Реконструктивно-пластическая хирургия. Второй этап | D62: Лезвие для скальпеля | E62: Расходник | F62: шт | G62: 1 | H62: =Параметры!$B$4 -> 10 | I62: =ROUNDUP(G62*H62*(1+Параметры!$B$6),0) -> 11
A63: 2 | B63: 9 | C63: Реконструктивно-пластическая хирургия. Второй этап | D63: Маркер хирургический | E63: Расходник | F63: шт | G63: 1 | H63: =Параметры!$B$4 -> 10 | I63: =ROUNDUP(G63*H63*(1+Параметры!$B$6),0) -> 11
A64: 2 | B64: 9 | C64: Реконструктивно-пластическая хирургия. Второй этап | D64: Сантиметровая лента | E64: Расходник | F64: шт | G64: 1 | H64: =Параметры!$B$4 -> 10 | I64: =ROUNDUP(G64*H64*(1+Параметры!$B$6),0) -> 11
A65: 2 | B65: 9 | C65: Реконструктивно-пластическая хирургия. Второй этап | D65: Перчатки смотровые нестерильные | E65: Расходник | F65: пара | G65: 3 | H65: =Параметры!$B$4 -> 10 | I65: =ROUNDUP(G65*H65*(1+Параметры!$B$6),0) -> 33 | J65: по 1 паре на участника
A66: 2 | B66: 10 | C66: Оперативная гинекология | D66: Кишка свиная толстая/прямая, отрезок 10–15 см | E66: Биоматериал | F66: шт | G66: 2 | H66: =Параметры!$B$4 -> 10 | I66: =ROUNDUP(G66*H66*(1+Параметры!$B$6),0) -> 22 | J66: широкий — «влагалище», узкий — «прямая кишка»
A67: 2 | B67: 10 | C67: Оперативная гинекология | D67: Курица (тушка для фиксации комплекса) | E67: Биоматериал | F67: шт | G67: 1 | H67: =Параметры!$B$4 -> 10 | I67: =ROUNDUP(G67*H67*(1+Параметры!$B$6),0) -> 11
A68: 2 | B68: 10 | C68: Оперативная гинекология | D68: Vicryl/ПГА USP 3/0 | E68: Шовный материал | F68: шт | G68: 2 | H68: =Параметры!$B$4 -> 10 | I68: =ROUNDUP(G68*H68*(1+Параметры!$B$6),0) -> 22 | J68: допущение: в регламенте количество не указано
A69: 2 | B69: 10 | C69: Оперативная гинекология | D69: Vicryl/ПГА USP 2/0 | E69: Шовный материал | F69: шт | G69: 1 | H69: =Параметры!$B$4 -> 10 | I69: =ROUNDUP(G69*H69*(1+Параметры!$B$6),0) -> 11 | J69: допущение: в регламенте количество не указано
A70: 2 | B70: 10 | C70: Оперативная гинекология | D70: Лезвие для скальпеля №10 | E70: Расходник | F70: шт | G70: 1 | H70: =Параметры!$B$4 -> 10 | I70: =ROUNDUP(G70*H70*(1+Параметры!$B$6),0) -> 11
A71: 2 | B71: 10 | C71: Оперативная гинекология | D71: Перчатки смотровые нестерильные | E71: Расходник | F71: пара | G71: 3 | H71: =Параметры!$B$4 -> 10 | I71: =ROUNDUP(G71*H71*(1+Параметры!$B$6),0) -> 33 | J71: по 1 паре на участника
A72: 3 | B72: 11 | C72: Сегментарная резекция толстой кишки с анастомозом конец в конец на экспериментальном животном | D72: Кролик (экспериментальное животное) | E72: Биоматериал | F72: шт | G72: 1 | H72: =Параметры!$B$5 -> 3 | I72: =ROUNDUP(G72*H72*(1+Параметры!$B$6),0) -> 4 | J72: согласовать с вивариумом и этическим комитетом
A73: 3 | B73: 11 | C73: Сегментарная резекция толстой кишки с анастомозом конец в конец на экспериментальном животном | D73: ПГА USP 3/0–4/0, атравм. игла, 45 см | E73: Шовный материал | F73: шт | G73: 5 | H73: =Параметры!$B$5 -> 3 | I73: =ROUNDUP(G73*H73*(1+Параметры!$B$6),0) -> 17
A74: 3 | B74: 11 | C74: Сегментарная резекция толстой кишки с анастомозом конец в конец на экспериментальном животном | D74: Лавсан USP 2/0–0, атравм. игла, 45 см | E74: Шовный материал | F74: шт | G74: 5 | H74: =Параметры!$B$5 -> 3 | I74: =ROUNDUP(G74*H74*(1+Параметры!$B$6),0) -> 17
A75: 3 | B75: 11 | C75: Сегментарная резекция толстой кишки с анастомозом конец в конец на экспериментальном животном | D75: Новокаин (блокада брыжейки) | E75: Расходник | F75: амп | G75: 2 | H75: =Параметры!$B$5 -> 3 | I75: =ROUNDUP(G75*H75*(1+Параметры!$B$6),0) -> 7 | J75: допущение: в регламенте количество не указано
A76: 3 | B76: 11 | C76: Сегментарная резекция толстой кишки с анастомозом конец в конец на экспериментальном животном | D76: Хлоргексидин / антисептик | E76: Расходник | F76: фл | G76: 1 | H76: =Параметры!$B$5 -> 3 | I76: =ROUNDUP(G76*H76*(1+Параметры!$B$6),0) -> 4 | J76: допущение: в регламенте количество не указано
A77: 3 | B77: 11 | C77: Сегментарная резекция толстой кишки с анастомозом конец в конец на экспериментальном животном | D77: Шприц | E77: Расходник | F77: шт | G77: 2 | H77: =Параметры!$B$5 -> 3 | I77: =ROUNDUP(G77*H77*(1+Параметры!$B$6),0) -> 7 | J77: допущение: в регламенте количество не указано
A78: 3 | B78: 11 | C78: Сегментарная резекция толстой кишки с анастомозом конец в конец на экспериментальном животном | D78: Халат операционный стерильный | E78: Расходник | F78: шт | G78: 3 | H78: =Параметры!$B$5 -> 3 | I78: =ROUNDUP(G78*H78*(1+Параметры!$B$6),0) -> 10
A79: 3 | B79: 11 | C79: Сегментарная резекция толстой кишки с анастомозом конец в конец на экспериментальном животном | D79: Перчатки хирургические стерильные | E79: Расходник | F79: пара | G79: 3 | H79: =Параметры!$B$5 -> 3 | I79: =ROUNDUP(G79*H79*(1+Параметры!$B$6),0) -> 10
A80: 3 | B80: 11 | C80: Сегментарная резекция толстой кишки с анастомозом конец в конец на экспериментальном животном | D80: Перчатки смотровые нестерильные | E80: Расходник | F80: пара | G80: 4 | H80: =Параметры!$B$5 -> 3 | I80: =ROUNDUP(G80*H80*(1+Параметры!$B$6),0) -> 14 | J80: для подготовки животного
A81: 3 | B81: 11 | C81: Сегментарная резекция толстой кишки с анастомозом конец в конец на экспериментальном животном | D81: Шапочка медицинская | E81: Расходник | F81: шт | G81: 4 | H81: =Параметры!$B$5 -> 3 | I81: =ROUNDUP(G81*H81*(1+Параметры!$B$6),0) -> 14 | J81: включая санитара
A82: 3 | B82: 11 | C82: Сегментарная резекция толстой кишки с анастомозом конец в конец на экспериментальном животном | D82: Маска медицинская | E82: Расходник | F82: шт | G82: 4 | H82: =Параметры!$B$5 -> 3 | I82: =ROUNDUP(G82*H82*(1+Параметры!$B$6),0) -> 14 | J82: включая санитара
A83: 3 | B83: 11 | C83: Сегментарная резекция толстой кишки с анастомозом конец в конец на экспериментальном животном | D83: Простыня стерильная клеящаяся | E83: Расходник | F83: шт | G83: 1 | H83: =Параметры!$B$5 -> 3 | I83: =ROUNDUP(G83*H83*(1+Параметры!$B$6),0) -> 4
A84: 3 | B84: 11 | C84: Сегментарная резекция толстой кишки с анастомозом конец в конец на экспериментальном животном | D84: Операционное бельё (простыни для стола) | E84: Расходник | F84: компл | G84: 1 | H84: =Параметры!$B$5 -> 3 | I84: =ROUNDUP(G84*H84*(1+Параметры!$B$6),0) -> 4 | J84: допущение: в регламенте количество не указано
A85: 3 | B85: 11 | C85: Сегментарная резекция толстой кишки с анастомозом конец в конец на экспериментальном животном | D85: Бинт марлевый (вязки для фиксации) | E85: Расходник | F85: шт | G85: 4 | H85: =Параметры!$B$5 -> 3 | I85: =ROUNDUP(G85*H85*(1+Параметры!$B$6),0) -> 14 | J85: по 1 на конечность
A86: 3 | B86: 11 | C86: Сегментарная резекция толстой кишки с анастомозом конец в конец на экспериментальном животном | D86: Планка ДСП с отверстиями | E86: Макет/оснащение | F86: шт | G86: 1 | H86: =Параметры!$B$5 -> 3 | I86: =ROUNDUP(G86*H86*(1+Параметры!$B$6),0) -> 4 | J86: многоразовая
A87: 3 | B87: 11 | C87: Сегментарная резекция толстой кишки с анастомозом конец в конец на экспериментальном животном | D87: Мешок для отходов класса Б | E87: Расходник | F87: шт | G87: 1 | H87: =Параметры!$B$5 -> 3 | I87: =ROUNDUP(G87*H87*(1+Параметры!$B$6),0) -> 4
A88: 3 | B88: 11 | C88: Сегментарная резекция толстой кишки с анастомозом конец в конец на экспериментальном животном | D88: Лезвие для скальпеля | E88: Расходник | F88: шт | G88: 1 | H88: =Параметры!$B$5 -> 3 | I88: =ROUNDUP(G88*H88*(1+Параметры!$B$6),0) -> 4
A90: Общий расход на площадку (на все 3 дня, не зависит от числа команд)
A91: — | B91: — | C91: Все конкурсы | D91: Контейнер для острых отходов (иглы, лезвия) | E91: Общее | F91: шт | I91: 6 | J91: по 2 на каждый день; допущение
A92: — | B92: — | C92: Все конкурсы | D92: Мешки для отходов класса Б | E92: Общее | F92: шт | I92: 30 | J92: допущение
A93: — | B93: — | C93: Все конкурсы | D93: Пелёнки одноразовые (застелить столы) | E93: Общее | F93: шт | I93: 80 | J93: допущение
A94: — | B94: — | C94: Все конкурсы | D94: Салфетки бумажные / ветошь | E94: Общее | F94: уп | I94: 10 | J94: допущение
A95: — | B95: — | C95: Все конкурсы | D95: Дезинфицирующее средство для поверхностей | E95: Общее | F95: л | I95: 3 | J95: допущение
A96: — | B96: — | C96: Все конкурсы | D96: Антисептик для рук | E96: Общее | F96: фл | I96: 6 | J96: допущение
A97: — | B97: — | C97: Все конкурсы | D97: Перчатки смотровые для волонтёров и жюри | E97: Общее | F97: пара | I97: 150 | J97: допущение
A98: — | B98: — | C98: Все конкурсы | D98: Аптечка (пластырь, перекись, бинты) на случай порезов | E98: Общее | F98: шт | I98: 1
A99: — | B99: — | C99: Все конкурсы | D99: Секундомеры | E99: Общее | F99: шт | I99: 10 | J99: по 1 на конкурс одного дня; многоразовые

Sheet Закупка итого
A1: Сводный список закупки: одинаковые позиции из всех конкурсов сложены
A3: Наименование | B3: Категория | C3: Ед. | D3: Итого к закупке | E3: Цена за ед. | F3: Сумма
A4: Аорта свиная | B4: Биоматериал | C4: шт | D4: =SUMIFS('Расходный материал'!$I$4:$I$99,'Расходный материал'!$D$4:$D$99,A4,'Расходный материал'!$F$4:$F$99,C4) -> 22 | F4: =D4*E4 -> 0
A5: Кишка свиная толстая/прямая, отрезок 10–15 см | B5: Биоматериал | C5: шт | D5: =SUMIFS('Расходный материал'!$I$4:$I$99,'Расходный материал'!$D$4:$D$99,A5,'Расходный материал'!$F$4:$F$99,C5) -> 22 | F5: =D5*E5 -> 0
A6: Кондуит из большой подкожной вены | B6: Биоматериал | C6: шт | D6: =SUMIFS('Расходный материал'!$I$4:$I$99,'Расходный материал'!$D$4:$D$99,A6,'Расходный материал'!$F$4:$F$99,C6) -> 22 | F6: =D6*E6 -> 0
A7: Кролик (экспериментальное животное) | B7: Биоматериал | C7: шт | D7: =SUMIFS('Расходный материал'!$I$4:$I$99,'Расходный материал'!$D$4:$D$99,A7,'Расходный материал'!$F$4:$F$99,C7) -> 4 | F7: =D7*E7 -> 0
A8: Куриная грудка с хрящевой частью грудины | B8: Биоматериал | C8: шт | D8: =SUMIFS('Расходный материал'!$I$4:$I$99,'Расходный материал'!$D$4:$D$99,A8,'Расходный материал'!$F$4:$F$99,C8) -> 11 | F8: =D8*E8 -> 0
A9: Куриное бедро (имитация m. psoas) | B9: Биоматериал | C9: шт | D9: =SUMIFS('Расходный материал'!$I$4:$I$99,'Расходный материал'!$D$4:$D$99,A9,'Расходный материал'!$F$4:$F$99,C9) -> 11 | F9: =D9*E9 -> 0
A10: Курица (кожный лоскут спинки тушки) | B10: Биоматериал | C10: шт | D10: =SUMIFS('Расходный материал'!$I$4:$I$99,'Расходный материал'!$D$4:$D$99,A10,'Расходный материал'!$F$4:$F$99,C10) -> 22 | F10: =D10*E10 -> 0
A11: Курица (тушка для фиксации комплекса) | B11: Биоматериал | C11: шт | D11: =SUMIFS('Расходный материал'!$I$4:$I$99,'Расходный материал'!$D$4:$D$99,A11,'Расходный материал'!$F$4:$F$99,C11) -> 11 | F11: =D11*E11 -> 0
A12: Мочевой пузырь с уретрой и мочеточником | B12: Биоматериал | C12: шт | D12: =SUMIFS('Расходный материал'!$I$4:$I$99,'Расходный материал'!$D$4:$D$99,A12,'Расходный материал'!$F$4:$F$99,C12) -> 11 | F12: =D12*E12 -> 0
A13: Органокомплекс свиной (желудок + тонкая кишка 20 см) | B13: Биоматериал | C13: шт | D13: =SUMIFS('Расходный материал'!$I$4:$I$99,'Расходный материал'!$D$4:$D$99,A13,'Расходный материал'!$F$4:$F$99,C13) -> 22 | F13: =D13*E13 -> 0
A14: Сухожилие бычье | B14: Биоматериал | C14: шт | D14: =SUMIFS('Расходный материал'!$I$4:$I$99,'Расходный материал'!$D$4:$D$99,A14,'Расходный материал'!$F$4:$F$99,C14) -> 22 | F14: =D14*E14 -> 0
A15: Трахея (свиная) | B15: Биоматериал | C15: шт | D15: =SUMIFS('Расходный материал'!$I$4:$I$99,'Расходный материал'!$D$4:$D$99,A15,'Расходный материал'!$F$4:$F$99,C15) -> 22 | F15: =D15*E15 -> 0
... A77: Секундомеры | B77: Общее | C77: шт | D77: =SUMIFS('Расходный материал'!$I$4:$I$99,'Расходный материал'!$D$4:$D$99,A77,'Расходный материал'!$F$4:$F$99,C77) -> 10 | F77: =D77*E77 -> 0
E78: Итого: | F78: =SUM(F4:F77) -> 0
A80: Впишите цены в жёлтый столбец — суммы посчитаются автоматически. Цены указывайте в одной валюте за единицу из столбца «Ед.».
